Medio,Firma
¡Órale! Magacín,Carlos Sevilla
¡Órale! Magacín,Editorial
¡Órale! Magacín,Keila Rodríguez
¡Órale! Magacín,Piernas de Plata
¡Órale! Magacín,Redacción
24 Horas,Redacción
24 Horas,Maricarmen Cortés
24 Horas,Adrián Trejo
24 Horas,¿Será?
24 Horas,José Ureña
24 Horas,Dolores Colín
24 Horas web,Redacción
88.9 Noticias,Alejandro Vilallvazo
88.9 Noticias,Iñaki Manero
88.9 Noticias,Jaquelin Servín
A tiempo Hidalgo,Redacción
Acción,Editorial
Acción,Redacción
ACI de Hidalgo,Redacción
Acrópolis,Alan Jiménez
Acrópolis,Gerardo Ávila
Acrópolis,Redacción
ADN 40,Alejandra Molina
ADN 40,Alejandro Brofft
ADN 40,Claudia Echeverry
ADN 40,Hannia Novell
ADN 40,Hernán Hochstrasser
ADN 40,Javier Risco
ADN 40,José Luis Mora
ADN 40,Juan Manuel Jiménez
ADN 40,Juan Pablo de Leo
ADN 40,Leonardo Curzio
ADN 40,Leonardo Herrera
ADN 40,Luciana Wainer
ADN 40,Lucy Bravo
ADN 40,Manuel López San Martín
ADN 40,Mara Durón
ADN 40,Ricardo Raphael
ADN 40,Romina Ramos
ADN 40,Sarahi Uribe
ADN 40,Tania Gómez
ADN 40,Vaiteare Mateos
ADN 40,Valentina Rodríguez
ADN 40,Valentina Rodríguez
ADN 40,Valentina Rodríguez
ADN 40,Viridiana Hernández
ADN 40,Yunue Cuevas
Agenda hidalguense,Redacción
Al Día Noticias,Cris Huerta
Al Día Noticias,En la Mira
Al Día Noticias,Filiberto Monter
Al Día Noticias,Redacción
Al Día Noticias web,Cris Huerta
Al Día Noticias web,Filiberto Monter
Al Día Noticias web,Redacción
Alas,Aída Suárez
Alas,Redacción
Alfaro Red,Redacción
AM Hidalgo,Asteriscos
AM Hidalgo,José Luis Rico
AM Hidalgo,Redacción
AM Hidalgo,Sandra Salazar
Amaneciendo,Itzel G. Bandala
Amaneciendo,Redacción
Amexi,Paloma Pérez
AMX Noticias,Carmen Gudiño
AMX Noticias,Marisol Ordoñez
Antena informativa de Hidalgo,El Lagarto
Antena informativa de Hidalgo,Redacción
Avanzando,Joel Sánchez
Avanzando,Redacción
Avanzando web,Joel Sánchez
Avanzando web,Redacción
Bóveda informativa,Abril Fragoso
Bóveda informativa,Alberto Escamilla
Bóveda informativa,Alberto Garnica
Bóveda informativa,Ingrid Lora
Bóveda informativa,Redacción
Cambio 21,Rafael Medina
Cambio 21,Redacción
Canal once,Angélica Rivera
Canal once,Carla Contreras
Canal once,Guadalupe Contreras
Canal once,Jorge Armando Rocha
Canal once,Leticia Carbajal
Carbajal Noticias,Redacción
Central Hidalgo,Isaac Vidal
Central Hidalgo,Jorge Guzmán
Central Hidalgo,Redacción
Central MX,Alberto Skewes
Central MX,Claudia Martínez
Central MX,El correo de las brujas
Central MX,Fernando Hidalgo
Central MX,Osvaldo Aréchiga
Central MX,Redacción
Central MX web,Alberto Skewes
Central MX web,Osvaldo Aréchiga
Central MX web,Redacción
Círculo político,Redacción
CN Hidalgo TV,Redacción
Código Hidalgo,Armando Lorenzo
Código Hidalgo,Redacción
Contra Réplica,Redacción
Contrapuntos,Redacción
Criterio,Alejandro Velázquez
Criterio,Aunard de la Rocha
Criterio,Berenice Estrada
Criterio,Bertha Alfaro
Criterio,Carlos Cisneros
Criterio,Carlos García
Criterio,Carmen Hernández
Criterio,Federico Escamilla
Criterio,Fortino Moedano
Criterio,Guillermo Corrales
Criterio,Jesús León
Criterio,José Raquel Badillo
Criterio,Lizania Zavala
Criterio,Luis Godínez
Criterio,Marco Moreno
Criterio,María Antonieta Islas
Criterio,Martha Sáenz
Criterio,Miguel Ángel Martínez
Criterio,Redacción
Criterio,Salomón Hernández
Criterio,Sara Elizondo
Criterio,Saúl Hernández
Criterio,Se dice…
Criterio,Se dice… regional
Criterio,Yesenia Huerta
Criterio web,Alejandro Velázquez
Criterio web,Carlos Cisneros
Criterio web,Carlos García
Criterio web,Carmen Hernández
Criterio web,Federico Escamilla
Criterio web,Jesús León
Criterio web,Lizania Zavala
Criterio web,Luis Godínez
Criterio web,María Antonieta Islas
Criterio web,Martha Sáenz
Criterio web,Miguel Ángel Martínez
Criterio web,Redacción
Criterio web,Salomón Hernández
Criterio web,Sara Elizondo
Criterio web,Saúl Hernández
Criterio web,Yesenia Huerta
Crónica,Redacción
Crónica web,Aura Mejía
Crónica web,Gerardo Mayoral
Crónica web,Jesús Sánchez
Cuartel informativo,Redacción
Cumbres de Hidalgo,Ángel Flores
Cumbres de Hidalgo,Redacción
Cumbres de Hidalgo web,Redacción
Cursor en la noticia,Redacción
Desde Abajo,Luis Alberto Rodríguez
Desde Abajo,Redacción
Desde la redacción,Redacción
Diario Basta!,Redacción
Diario Basta!,Óscar Reyes
Diario Minero,Redacción
Diario Noti7,Redacción
Dinámico informativo,Redacción
Dinámico informativo web,Redacción
Dos de Hidalgo,Redacción
Dos de Hidalgo,Roylán Portes
Dulce Patria,Redacción
EA Noticias,Emmanuel Ameth
EA Noticias,Redacción
Effetá,Carlos Barra Moulain
Effetá,Claudia Martínez
Effetá,Editorial
Effetá,El Conspirador
Effetá,Jorge Carrasco
Effetá,Laura Rivera
Effetá,Marisol Flores
Effetá,Redacción
Effetá,Rosa Gabriela Porter
Effetá,Rosa Gabriela Porter
Effetá,Yo como que oí
Eje Central,Redacción
El Bocón,El Bocón
El Bocón,Redacción
El Cardinal,El Cardinalito
El Cardinal,José Antonio Alcaraz
El Cardinal,Redacción
El Chapucero,Redacción
El Cuarto Poder,Redacción
El Economista,Redacción
El Economista,Rodrigo Rosales
El Economista,Rolando Ramos
El Economista web,Gobierno de Hidalgo
El Financiero,Óscar Mario Beteta
El Financiero,De Jefes
El Financiero,Lourdes Mendoza
El Financiero,Confidencial
El Gráfico,Dinorath Mota
El Gráfico,Redacción
El Heraldo de México,José Ignacio García
El Heraldo de México,Redacción
El Heraldo de México,Cuauhtémo Ochoa
El Heraldo de México,Víctor Sánchez Baños
El Heraldo de México,Sacapuntas
El Heraldo de México,Sofía García
El Heraldo de México,"El bueno, el malo, el feo"
El Heraldo de México,Darío Celis
El Heraldo de México,Carlos Navarro
El Heraldo digital,Ignacio García
El Heraldo digital,Matías Domínguez
El Hidalgo digital,Mavaz Vega
El Hidalgo digital,Redacción
El Hidalgo digital,Redacción
El Huarache,Redacción
El Informativo,Redacción
El Informativo estatal,Redacción
El informativo online,Redacción
El Institucional,Redacción
El Nuevo Gráfico de Hidalgo,Aída Gálvez
El Nuevo Gráfico de Hidalgo,Redacción
El Nuevo Gráfico de Hidalgo web,Redacción
El Origen,Redacción
El País,Erika Rosete
El Reconstructor,Redacción
El Reconstructor,Vaz Maha
El Reportero,Juan Sabino
El Reportero,Redacción
El Rollo,Angélica Hernández
El Rollo,Redacción
El Sol de Hidalgo,Alma Leticia Sánchez
El Sol de Hidalgo,Aquí los políticos
El Sol de Hidalgo,Blanca Soriano
El Sol de Hidalgo,César Martínez
El Sol de Hidalgo,Daniel Román Montes
El Sol de Hidalgo,Fernanda Huerta
El Sol de Hidalgo,Gustavo Vargas
El Sol de Hidalgo,Héctor Santoy
El Sol de Hidalgo,Karen Acitel Lira
El Sol de Hidalgo,Luis Carlos León
El Sol de Hidalgo,Mauricio Baños
El Sol de Hidalgo,Maximiliano Pérez
El Sol de Hidalgo,Octavio Jaimes
El Sol de Hidalgo,Omar Santiago
El Sol de Hidalgo,Redacción
El Sol de Hidalgo,Rosalía Maldonado
El Sol de Hidalgo,Sonia Nochebuena
El Sol de Hidalgo,Víctor Serrano
El Sol de Hidalgo web,Alma Leticia Sánchez
El Sol de Hidalgo web,Blanca Soriano
El Sol de Hidalgo web,César Martínez
El Sol de Hidalgo web,Daniel Román Montes
El Sol de Hidalgo web,Fernanda Huerta
El Sol de Hidalgo web,Gustavo Vargas
El Sol de Hidalgo web,Héctor Santoy
El Sol de Hidalgo web,Karen Acitel Lira
El Sol de Hidalgo web,Luis Carlos León
El Sol de Hidalgo web,Mauricio Baños
El Sol de Hidalgo web,Maximiliano Pérez
El Sol de Hidalgo web,Octavio Jaimes
El Sol de Hidalgo web,Omar Santiago
El Sol de Hidalgo web,Redacción
El Sol de Hidalgo web,Rosalía Maldonado
El Sol de Hidalgo web,Sonia Nochebuena
El Sol de Hidalgo web,Víctor Serrano
El Sol de México,A la sombra
El Sol de México,Redacción
El Sol de México,Sonia Nochebuena
El Sol de México,Alma Leticia Sánchez
El Sol de México,Maximiliano Pérez
El Sol de Tulancingo,Aquí los políticos
El Sol de Tulancingo,Blanca Soriano
El Sol de Tulancingo,Daniel Román Montes
El Sol de Tulancingo,Eduardo Islas
El Sol de Tulancingo,Fernanda Huerta
El Sol de Tulancingo,Gustavo Vargas
El Sol de Tulancingo,Héctor Santoy
El Sol de Tulancingo,Karen Acitel Lira
El Sol de Tulancingo,Mauricio Baños
El Sol de Tulancingo,Maximiliano Pérez
El Sol de Tulancingo,Octavio Jaimes
El Sol de Tulancingo,Omar Santiago
El Sol de Tulancingo,Redacción
El Sol de Tulancingo,Rosalía Maldonado
El Sol de Tulancingo,Rubén Juárez
El Sol de Tulancingo,Sonia Nochebuena
El Sol de Tulancingo web,Blanca Soriano
El Sol de Tulancingo web,Daniel Román Montes
El Sol de Tulancingo web,Eduardo Islas
El Sol de Tulancingo web,Fernanda Huerta
El Sol de Tulancingo web,Gustavo Vargas
El Sol de Tulancingo web,Héctor Santoy
El Sol de Tulancingo web,Karen Acitel Lira
El Sol de Tulancingo web,Mauricio Baños
El Sol de Tulancingo web,Maximiliano Pérez
El Sol de Tulancingo web,Octavio Jaimes
El Sol de Tulancingo web,Omar Santiago
El Sol de Tulancingo web,Redacción
El Sol de Tulancingo web,Rosalía Maldonado
El Sol de Tulancingo web,Rubén Juárez
El Sol de Tulancingo web,Sonia Nochebuena
El tiempo de Hidalgo,Redacción
El trámite,Redacción
El Universal,Dinorath Mota
El Universal,Kiosko
El Universal,Redacción
El Universal Hidalgo,Aída Suárez
El Universal Hidalgo,Álvaro Bardáles
El Universal Hidalgo,Ariana Reséndiz
El Universal Hidalgo,Bajo Reserva
El Universal Hidalgo,Cinthya Carbajal
El Universal Hidalgo,Enrique López
El Universal Hidalgo,Enrique Morán
El Universal Hidalgo,Erika Gutiérrez
El Universal Hidalgo,Estephany Espinosa
El Universal Hidalgo,Francisco Bautista
El Universal Hidalgo,Grisel Lira
El Universal Hidalgo,Javier Quezada
El Universal Hidalgo,Lorena Rosas
El Universal Hidalgo,Lourdes Naranjo
El Universal Hidalgo,Miriam Avilés
El Universal Hidalgo,Redacción
El Universal Hidalgo,Ricardo Calleja
El Universal Hidalgo web,Ariana Reséndiz
El Universal Hidalgo web,Cinthya Carbajal
El Universal Hidalgo web,Erika Gutiérrez
El Universal Hidalgo web,Francisco Bautista
El Universal Hidalgo web,Grisel Lira
El Universal Hidalgo web,Javier Quezada
El Universal Hidalgo web,Lorena Rosas
El Universal Hidalgo web,Lourdes Naranjo
El Universal Hidalgo web,Miriam Avilés
El Universal Hidalgo web,Redacción
El Universal Hidalgo web,Ricardo Calleja
El Universal web,Dinorath Mota
El Universal web,Redacción
El Vigía Hidalgo,Redacción
Eme Equis,Áxel Chávez
Énfasis,Ana María Osorio
Énfasis,Redacción
Énfasis,Verónica Jiménez
Énfasis,Virginia López
Enfoque Hidalgo,Benjamín Hernández
Enfoque Noticias,Mario González
Enfoque Noticias,Poncho Gutiérrez
Enfoque Noticias,Alicia Salgado
Enfoque Noticias,Verónica Jiménez
Enlace en Hidalgo,Redacción
Enlace en Hidalgo web,Redacción
Entorno Noticias,Redacción
Entre líneas,Redacción
Es Periodismo,El run run
Es periodismo,Jorge Luis Pérez
Es Periodismo,Juan Manuel Cortés
Es periodismo,Redacción
Espacio político,Redacción
Espejo,Redacción
Excélsior,Atalo Mata
Excélsior,Emmanuel Rincón
Excélsior,Frentes políticos
Excélsior,Ximena Mejía
Excélsior,Leo Zuckerman
Excélsior,Pascal Beltán del Río
Excélsior,David Vicenteño
Excélsior web,Atalo Mata
Excélsior web,Emmanuel Rincón
Excélsior web,Ximena Mejía
Exo Noticias,Redacción
Expediente Ultra,Antonio Ortigoza
Expediente Ultra,Redacción
Facetas,Alejandro Paredes
Facetas,Redacción
Florentino Peralta,El Graderío
Florentino Peralta,Florentino Peralta
Florentino Peralta,Redacción
Focus Hidalgo,Redacción
Foro 21 Hidalgo,Redacción
Foro TV,Ana Lucía Ordoñana
Foro TV,Bertha Alfaro
Foro TV,Daniela Baeza
Foro TV,Daniela Baeza
Foro TV,Eduardo Salazar
Foro TV,Enrique Campos
Foro TV,Erik Camacho
Foro TV,Esteban Arce
Foro TV,Fernanda Calderón
Foro TV,Florencia de Rodas
Foro TV,Florencia de Rodas
Foro TV,Gina Holguín
Foro TV,Humberto Blizzard
Foro TV,Humberto Blizzard
Foro TV,José Luis Arévalo
Foro TV,Julio Patán
Foro TV,Karla Iberia Sánchez
Foro TV,Karla Iberia Sánchez
Foro TV,Leo Zuckerman
Foro TV,Mariana Hernández
Foro TV,Mariana Hernández
Foro TV,Noelia Jiménez
Foro TV,Raymundo Riva Palacio
Foro TV,Said Ochoa
Foro TV,Yoselin Sánchez
Foro TV,Yoselin Sánchez
Gobernanza,Redacción
Grito informativo,Juzgue usted
Grito informativo,Redacción
Grito informativo web,Redacción
Heraldo Radio,Javier Solórzano
Heraldo Radio,Adriana Delgado
Heraldo Radio,Óscar Mario Beteta
Heraldo Radio,Maca Carriedo
Heraldo Radio,Javier Alatorre
Heraldo Radio,Sergio Sarmiento
Heraldo Radio,Lupita Juárez
Heraldo Radio,Mario Maldonado
Heraldo Radio,Selene Flores
Heraldo Radio,Heriberto Vázquez
Heraldo Radio,Manuel Zamacona
Heraldo Televisión,Blanca Becerril
Heraldo Televisión,Blanca Becerril
Heraldo Televisión,Dario Celís
Heraldo Televisión,Ignacio García
Heraldo Televisión,Javier Solórzano
Heraldo Televisión,Lupita Juárez
Heraldo Televisión,Mario Maldonado
Heraldo Televisión,Sofía García
HgOnline,Jonathan Torres
HgOnline,Redacción
Hidalgo brilla,Redacción
Hidalgo diario digital,Redacción
Hidalgo digital,Redacción
Hidalgo Hoy,Abigail Santos
Hidalgo Hoy,Andrea Ramírez
Hidalgo Hoy,Dulce Castillo
Hidalgo Hoy,Eduardo Sánchez
Hidalgo Hoy,Jair Velázquez
Hidalgo Hoy,Néstor Ramírez
Hidalgo Hoy,Redacción
Hidalgo News,Redacción
Hidalgo Noticias,Erik Martínez
Hidalgo Noticias Alerta,Redacción
Hidalgo Sport,Francisco Lozada
Hidalgo Sport,Lauro Campos
Hidalgo Sport,Redacción
Hidal-GO!,Redacción
Hora 25,Paloma Pérez
Hora 25,Redacción
Huastecas News,Redacción
Imagen radio,Pascal Beltán del Río
Imagen radio,Francisco Zea
Imagen radio,Esteban Arce
Imagen radio,Yuriria Sieraa
Imagen radio,Darío Celis
Imagen radio,David Vicenteño
Imagen TV,Crystal Mendivil
Imagen TV,Enrique Sánchez
Imagen TV,Francisco Zea
Imagen TV,Ignacio Lozano
Imagen TV,Mónica Noguera
Imagen TV,Paola Rojas
Info Hgo,Redacción
Info Libre,Aída Suárez
Info Libre,Kathya Moreno
Info Libre,Keila Rodríguez
Info Libre,Piernas de Plata
Info Libre,Redacción
Info Libre,Sandy Franco
Info Libre,Víctor Valera
Info Libre,Yazmín Salazar
Info Libre manteleta,Carlos Sevilla
Info Libre manteleta,Redacción
Infobae,Jaqueline Viedma
Infobae,Anayeli Tapia
Jacala Multimedios,Redacción
La Espina,Ignacio González
La Espina,Redacción
La Jornada,Redacción
La Jornada Hidalgo,Adela Garmez
La Jornada Hidalgo,Adriana Patlán
La Jornada Hidalgo,Alberto Witvrun
La Jornada Hidalgo,Alexander Mendoza
La Jornada Hidalgo,América Castillo
La Jornada Hidalgo,Antonio Bautista
La Jornada Hidalgo,Benjamín H. V.
La Jornada Hidalgo,Brenda Flores
La Jornada Hidalgo,Carlos Camacho
La Jornada Hidalgo,César Ruiz
La Jornada Hidalgo,Daniel Fragoso
La Jornada Hidalgo,Dino Madid
La Jornada Hidalgo,Dulce Castillo
La Jornada Hidalgo,El Reloj
La Jornada Hidalgo,Enrique Rivas Paniagua
La Jornada Hidalgo,Jorge A. Romero
La Jornada Hidalgo,Jorge González Correa
La Jornada Hidalgo,Joselyn Sánchez
La Jornada Hidalgo,Leonardo Herrera
La Jornada Hidalgo,Nathali González
La Jornada Hidalgo,Ninde Molre
La Jornada Hidalgo,Raúl Arroyo
La Jornada Hidalgo,Redacción
La Jornada Hidalgo,Ricardo Castillo
La Jornada Hidalgo,Simey Olvera
La Jornada Hidalgo,Socorro Ávila
La Jornada Hidalgo,Yeralín Bonilla
La Jornada Hidalgo web,Adela Garmez
La Jornada Hidalgo web,Alexander Mendoza
La Jornada Hidalgo web,América Castillo
La Jornada Hidalgo web,Antonio Bautista
La Jornada Hidalgo web,César Ruiz
La Jornada Hidalgo web,Cronómetro
La Jornada Hidalgo web,Dulce Castillo
La Jornada Hidalgo web,Joselyn Sánchez
La Jornada Hidalgo web,Nathali González
La Jornada Hidalgo web,Redacción
La Jornada Hidalgo web,Ricardo Castillo
La Jornada Hidalgo web,Socorro Ávila
La Jornada Hidalgo web,Yeralín Bonilla
La Jornada web,Redacción
La Neta,Redacción
La Opinión de Hidalgo,Andrea Ramírez
La Opinión de Hidalgo,Ángel Fernández
La Opinión de Hidalgo,Eduardo Sánchez
La Opinión de Hidalgo,Jair Velázquez
La Opinión de Hidalgo,Redacción
La Opinión de Hidalgo,Siomara Villarreal
La política me da risa,Redacción
La política me da risa,Yazmín Alessandrini
La Prensa,Red compartida
La Prensa,Alberto Aguilar
La Prensa,Maximiliano Pérez
La Razón,Yulia Bonilla
La Razón,Rozones
La Razón,Julio Pilotzi
La Razón,Redacción
La Razón,Claudia Arellano
La Razón Huejutla,Redacción
La Razón web,Redacción
La Razón web,Claudia Arellano
La Razón web,Arturo Meléndez
La Región,Redacción
La Región web,Redacción
La Silla Rota Hidalgo,Cristian Estefes
La Silla Rota Hidalgo,El Centinela
La Silla Rota Hidalgo,Emily Morales
La Silla Rota Hidalgo,Jessica Manilla
La Silla Rota Hidalgo,Juan Ramírez
La Silla Rota Hidalgo,Julieta Gutiérrez
La Silla Rota Hidalgo,Susana Jiménez
La Silla Rota Hidalgo,Verónica Ángeles
La Silla Rota Hidalgo,Zadquiel Torres
La Tuza Metiche,Redacción
La Verdad Hidalgo,Miguel Alburquerque
La Verdad Hidalgo,Redacción
Libre Expression del Estado de Hidalgo,Redacción
Líderes políticos,Redacción
Línea x línea,Redacción
LM Noticias,Carlos Pozos
López Dóriga digital,Redacción
Marfeca,Arturo Cruz
Marfeca,Jimena Beltrán
Marfeca,José Alberto Suárez
Marfeca,Sofía González
Milenio,Trascendió
Milenio,Redacción
Milenio,Víctor Valera
Milenio,Guadalupe Trejo
Milenio Hidalgo,Alan Austria
Milenio Hidalgo,Alejandro Reyes
Milenio Hidalgo,Alfonso Torres
Milenio Hidalgo,Alfredo Alcalá
Milenio Hidalgo,Bertha Orozco
Milenio Hidalgo,David Cárdenas
Milenio Hidalgo,El pájaro carpintero
Milenio Hidalgo,Francisco Villeda
Milenio Hidalgo,Guadalupe Trejo
Milenio Hidalgo,Lol Canul
Milenio Hidalgo,Miguel Ángel Puértolas
Milenio Hidalgo,Redacción
Milenio Hidalgo,Sarkis Mikel Jeitani
Milenio Hidalgo,Teodoro Santos
Milenio Hidalgo,Víctor Valera
Milenio Hidalgo,Wendy Salazar
Milenio TV,Alejandro Domínguez
Milenio TV,Alma Paola Wong
Milenio TV,Carlos Zúñiga
Milenio TV,Cecilia Salamanca
Milenio TV,Dany Martín
Milenio TV,Elisa Alanís
Milenio TV,Fernando Robles
Milenio TV,Guadalupe Trejo
Milenio TV,Héctor Zamarrón
Milenio TV,Jaime Núñez
Milenio TV,Joel Valdez
Milenio TV,Josué Becerra
Milenio TV,Liliana Sosa
Milenio TV,Luis Carlos Ortiz
Milenio TV,Magda González
Milenio TV,Norma García
Milenio TV,Pamela Longoria
Milenio TV,Pamela Villanueva
Milenio TV,Paola Barquet
Milenio TV,Pedro Gamboa
Milenio TV,Roberto López
Milenio TV,Rodrigo Rico
Milenio TV,Samuel Cuervo
Milenio TV,Selene Flores
Milenio TV,Tania Díaz
Milenio TV,Víctor González
Milenio TV,Víctor Hugo Michel
Milenio TV,Víctor Martínez
Milenio TV,Wendy Salazar
Milenio TV,Zelenny Ibarra
Milenio web,Alejandro Reyes
Milenio web,Francisco Villeda
Milenio web,Guadalupe Trejo
Milenio web,Redacción
Milenio web,Teodoro Santos
Milenio web,Víctor Valera
Mira Hidalgo,Redacción
MVS Radio,Luis Cárdenas
MVS Radio,Ana Francisca Vega
MVS Radio,Pamela Cerdeira
MVS Radio,Manuel López San Martín
Nadia Mejía,Nadia Mejía
News Hidalgo,Redacción
Nodo TV,Aarón Oviedo
Nodo TV,Abraham Meneses
Nodo TV,Andrea Meneses
Nodo TV,David Rojo
Nota Hidalgo,Rúben Solís
Noticiero Retrovisor,Redacción
NQ radio web,Jesús Riveros
NQ radio web,Redacción
Nueva Imagen de Hidalgo,Francisco Villeda
Nueva Imagen de Hidalgo,Jesús García
Nueva Imagen de Hidalgo,Marisol Martínez
Nueva Imagen de Hidalgo,Marlene Godínez
Nueva Imagen de Hidalgo,Redacción
Nueva Imagen de Hidalgo web,Redacción
Nuevo Gráfico,Julio Gálvez
Nuevo Gráfico,Redacción
Omnia,Redacción
Origen y destino,Redacción
Pachuca brilla,Alfonso Rivera
Pachuca brilla,Redacción
Pachuca digital,Redacción
Pachuca Vive,Redacción
Panorama Hidalgo,Redacción
Paradigma,Redacción
Pensador hidalguense,Daniel Rodríguez
Pensador hidalguense,Redacción
Plaza Juárez,Abel Ricardo Flores
Plaza Juárez,Ana Luisa Vega
Plaza Juárez,Dese por enterado
Plaza Juárez,Editorial
Plaza Juárez,El pequeño Timmy
Plaza Juárez,Javier E. Peralta
Plaza Juárez,Jesús Riveros
Plaza Juárez,Oscar Raúl Pérez
Plaza Juárez,Redacción
Plaza Juárez,Tic-Tac
Plaza Juárez web,Oscar Raúl Pérez
Plaza Juárez web,Redacción
Plétora Lex,Diego Sosa
Plétora Lex,Redacción
Plétora Lex,Verónica Ángeles
Plétora Lex web,Diego Sosa
Plétora Lex web,Redacción
Plétora Lex web,Verónica Ángeles
Plural Hidalgo,Redacción
Portal Hidalgo,Redacción
Proceso,Áxel Chávez
Publimedios Móvil,Daniel Meléndez
Publimedios Móvil,Redacción
Pulso,Redacción
Punto por punto,Leonardo Herrera
Punto por punto,Redacción
Punto Rojo,Redacción
Quadratín,Alejandro Gálvez
Quadratín,Erika García
Quadratín,Fernanda Martínez
Quadratín,Ráfagas
Quadratín,Redacción
Qué Pachuca,Redacción
Radar político,Joel Sánchez
Radar político,Redacción
Radio Fórmula,Azucena Uresti
Radio Fórmula,Ciro Gómez Leyva
Radio Fórmula,Danielle Dithurbide
Radio Fórmula,Eduardo Ruiz Healy
Radio Fórmula,Enrique Acevedo
Radio Fórmula,Jaime Núñez
Radio Fórmula,Javier Risco
Radio Fórmula,Joaquín López Dóriga
Radio Fórmula,José Cárdenas
Radio Fórmula,José Yuste
Radio Fórmula,Juan Becerra
Radio Fórmula,Juan Manuel de Anda
Radio Fórmula,Juan Pablo Pérez
Radio Fórmula,Leonardo Curzio
Radio Fórmula,Marco Antonio Mares
Radio Fórmula,Maricarmen Cortés
Radio Fórmula,Michelle Rivera
Red Hidalgo,Abigail Santos
Red Hidalgo,Andrea Ramírez
Red Hidalgo,Dulce Castillo
Red Hidalgo,Eduardo Sánchez
Red Hidalgo,Jair Velázquez
Red Hidalgo,Néstor Ramírez
Red Hidalgo,Redacción
Reforma,Benito Jiménez
Reforma,Claudia Guerrero
Reforma,Fray Bartolomé
Reforma web,Benito Jiménez
Reforma web,Claudia Guerrero
Regeneradoz,Redacción
Reporte Ágora,Redacción
Reporte cívico,Redacción
Reporte Hidalgo,Redacción
Reporte Índigo,Redacción
Reporte Índigo,Karina Vargas
Reporte Índigo web,Redacción
República ENE,Karla García
República ENE,Redacción
Revista De Frente,Redacción
Revista Diferente,Redacción
Revista Luna Negra,Redacción
Revista Portavoz,Redacción
Revista Vía Libre,Carlos Camacho
Ruta,Dinorath Mota
Ruta,Juan José Caballero
Ruta,Juan Manuel Aguirre
Ruta,Redacción
Ruta,Sandra Pérez
Ruta web,Dinorath Mota
Ruta web,Redacción
Ruta web,Sandra Pérez
Sanfe radio,Redacción
Satélite TV,Redacción
SDP Noticias,Edmundo Morelos
SDP Noticias,María José Izquierdo
SDP Noticias,Pamela Grande
SDP Noticias,Rodrigo Ek
SDP Noticias,Eduardo Mendoza
SDP Noticias,Nadia Cruz
SDP Noticias,Martha Torres
SDP Noticias,Karen Gabriel Vázquez
SeptiNoticias,Redacción
Sin Filtro,Redacción
Síntesis,Marco Cerón
Síntesis,Redacción
Síntesis,Veida Martínez Miranda
Síntesis,Yolitzi Olguin
Síntesis web,Georgina Obregón
Síntesis web,Marco Cerón
Síntesis web,Redacción
Síntesis web,Veida Martínez Miranda
Síntesis web,Yolitzi Olguin
Solución,Adile Carrillo
Solución,Redacción
Sonder Radio,Redacción
Subrayado,Berenice Gamboa
Subrayado,Diego Leiza
Subrayado,Ivonne Pérez
Subrayado,Mirely Enríquez
Subrayado,Redacción
Subrayado Magazine,Enrique Gutiérrez
Suma Noticias,Redacción
Super Stereo web,Redacción
Telediario,Ana Laura Alanís
Telediario,Carlos Jiménez
Telediario,Carlos Zúñiga
Telediario,David Medrano
Telediario,Fernanda Tapia
Telediario,Fernando Robles
Telediario,Guadalupe Trejo
Telediario,Isa Ross
Telediario,Jaime Núñez
Telediario,Joel Valdez
Telediario,Liliana Sosa
Telediario,Monserrat Contreras
Telediario,Norma García
Telediario,Paola Barquet
Telediario,Priscila Cantú
Telediario,Rodrigo Rico
Telediario,Rubén Carreón
Telefórmula,Ciro Gómez Leyva
Telefórmula,Eduardo Ruiz-Healy
Telefórmula,Joaquín López-Dóriga
Telefórmula,José Antonio Ezquerra
Telefórmula,Jóse Cárdenas
Telefórmula,Juan Pablo Pérez
Telefórmula,Leonardo Curzio
Telefórmula,Manuel Feregrino
Telefórmula,Susana Sáenz
Telefórmula,Wendy Salazar
Televisa,Bertha Alfaro
Televisa,Carlos Hurtado
Televisa,Danielle Dithurbide
Televisa,Eduardo Salazar
Televisa,Enrique Acevedo
Televisa,Enrique Campos
Tiempo Express,Redacción
Trapiche,Redacción
Trasfondo,Redacción
Tulancingo digital,Redacción
TV Azteca,Alejandro Villalvazo
TV Azteca,Anna Lu González
TV Azteca,Carolina Rocha
TV Azteca,Christian Lara
TV Azteca,Javier Alatorre
TV Azteca,Jorge Zarza
TV Azteca,Leo Arriaga
TV Azteca,Leonardo Herrera
TV Azteca,Lucy Bravo
TV Azteca,Otoniel Martínez
TV Azteca,Roberto Ruiz
TV Azteca,Vaitiare Mateos
TV Azteca,Viridiana Hernández
Ultra Noticias,Daniel Martínez
Ultra Noticias,Izza Hernández
Uno TV,Redacción
Uno TV,Lidia Rivera
Uno TV,Jennifer Turrubiartes
Uno TV,Luis Érick Ramírez
Veta Hidalgo,Redacción
Vía Libre,Aberto Witvrun
Vía Libre,Erick Morales
Vía Libre,Juan Manuel Pérez
Vía Libre,Manuel Castellanos
Vía Libre,Miguel Ángel Martínez
Vía Libre,Redacción
Vocales radio web,Alberto González
Vocales radio web,Andrés Torres
Vocales radio web,David Tenorio
Vocales radio web,El AEIOU
Vocales radio web,Redacción
Voces Hidalgo,Alberto Garrido
Voces Hidalgo,Carlos Pérez Andalón
Voces Hidalgo,Redacción
W Radio,Carlos Loret de Mola
W Radio,Enrique Hernández Alcázar
W Radio,Gabriela Warkentin
W Radio,José Ignacio García
Wakeup radio,Redacción
Zagazine,Abril Delgado
Zagazine,Ángel Hernández
Zagazine,Fabián González
Zagazine,Redacción
Zócalo virtual,Redacción
Zócalo web,Redacción
Zucesos de las Huastecas,Redacción
Zunoticia,Ángel Silverio
Zunoticia,Enedino Hernández
Zunoticia,Gabriela Hernández
Zunoticia,Karen Rivera
Zunoticia,Perseo
Zunoticia,Redacción
Zunoticia,Roberto Ramírez
Zunoticia,Salvador Altamirano
Zunoticia web,Redacción
