Medios,Canal
¡Órale! Magacín,Impresos locales
24 Horas,Impresos nacionales
24 Horas web,Portales nacionales
88.9 Noticias,Radio nacional
A tiempo Hidalgo,Portales locales
ABC Noticias,Portales nacionales
Acción,Impresos locales
ACI de Hidalgo,Portales locales
Acrópolis,Portales locales
ADN 40,TV nacional
ADN 40 web,Portales nacionales
Agenda hidalguense,Portales locales
Al Día Noticias,Impresos locales
Al Día Noticias web,Portales locales
Al Momento,Portales nacionales
Alas,Impresos locales
Alfaro Red,Portales locales
AM Hidalgo,Portales locales
Amaneciendo,Portales locales
Amexi,Portales nacionales
AMX Noticias,TV nacional
Animal político,Portales nacionales
Antena informativa de Hidalgo,Impresos locales
Argón México,Portales nacionales
Aristegui Noticias,Portales nacionales
Avanzando,Impresos locales
Avanzando web,Portales locales
Azteca Noticias,Portales nacionales
Bóveda informativa,Portales locales
Cambio 21,Impresos locales
Campus MX,Portales locales
Canal once,TV nacional
Capital web,Portales nacionales
Carbajal Noticias,Portales locales
Causa y Efecto,Portales nacionales
Central Hidalgo,Portales locales
Central MX,Impresos locales
Central MX web,Portales locales
Círculo político,Portales locales
CN Hidalgo TV,Portales locales
Código Hidalgo,Portales locales
Contra Réplica,Portales nacionales
Contrapuntos,Portales locales
Criterio,Impresos locales
Criterio web,Portales locales
Crónica,Impresos nacionales
Crónica web,Portales nacionales
Cuartel informativo,Portales locales
Cumbres de Hidalgo,Impresos locales
Cumbres de Hidalgo web,Portales locales
Cursor en la noticia,Portales locales
Debate web,Portales nacionales
Desde Abajo,Portales locales
Desde la redacción,Portales locales
Diario Basta!,Impresos nacionales
Diario Basta! Web,Portales nacionales
Diario de México,Impresos nacionales
Diario de México web,Portales nacionales
Diario Imagen,Impresos nacionales
Diario Minero,Portales locales
Diario Noti7,Portales locales
Dinámico informativo,Impresos locales
Dinámico informativo web,Portales locales
Dos de Hidalgo,Impresos locales
Dulce Patria,Portales locales
EA Noticias,Portales locales
E-consulta,Portales nacionales
Effetá,Portales locales
Eje Central,Impresos nacionales
Eje Central web,Portales nacionales
El Bocón,Portales locales
El Cardinal,Portales locales
El Chapucero,Portales nacionales
El Cuarto Poder,Portales locales
El Economista,Impresos nacionales
El Economista web,Portales nacionales
El Financiero,Impresos nacionales
El Financiero web,Portales nacionales
El Gráfico,Impresos nacionales
El Heraldo de México,Impresos nacionales
El Heraldo digital,Portales nacionales
El Hidalgo digital,Portales locales
El Huarache,Portales locales
El Independiente,Impresos nacionales
El Independiente web,Portales nacionales
El Informativo,Impresos locales
El Informativo estatal,Impresos locales
El informativo online,Portales locales
El Institucional,Impresos locales
El Nuevo Gráfico de Hidalgo,Impresos locales
El Nuevo Gráfico de Hidalgo web,Portales locales
El Origen,Portales locales
El País,Portales nacionales
El Reconstructor,Portales locales
El Reportero,Portales locales
El Rollo,Impresos locales
El Sol de Hidalgo,Impresos locales
El Sol de Hidalgo web,Portales locales
El Sol de México,Impresos nacionales
El Sol de Tulancingo,Impresos locales
El Sol de Tulancingo web,Portales locales
El tiempo de Hidalgo,Impresos locales
El trámite,Impresos locales
El Universal,Impresos nacionales
El Universal Hidalgo,Impresos locales
El Universal Hidalgo web,Portales locales
El Universal web,Portales nacionales
El Vigía Hidalgo,Portales locales
Eme Equis,Portales nacionales
Énfasis,Portales locales
Enfoque Hidalgo,Portales locales
Enfoque Noticias,Radio nacional
Enfoque Noticias web,Portales nacionales
Enlace en Hidalgo,Impresos locales
Enlace en Hidalgo web,Portales locales
Entorno Noticias,Portales locales
Entre líneas,Portales locales
Es Periodismo,Portales locales
Espacio político,Portales locales
Espejo,Impresos locales
Excélsior,Impresos nacionales
Excélsior web,Portales nacionales
Exo Noticias,Portales locales
Expansión,Portales nacionales
Expediente Ultra,Portales locales
Facetas,Impresos locales
Florentino Peralta,Portales locales
Focus Hidalgo,Portales locales
Foro 21 Hidalgo,Portales locales
Foro TV,TV nacional
Gobernanza,Portales locales
Grito informativo,Impresos locales
Grito informativo web,Portales locales
Grupo Siete Noticias,Portales nacionales
Guillermo Ortega,Portales nacionales
Heraldo Radio,Radio nacional
Heraldo Televisión,TV nacional
HgOnline,Portales locales
Hidalgo brilla,Portales locales
Hidalgo diario digital,Portales locales
Hidalgo digital,Portales locales
Hidalgo Hoy,Portales locales
Hidalgo News,Portales locales
Hidalgo Noticias,Portales locales
Hidalgo Noticias Alerta,Portales locales
Hidalgo Sport,Portales locales
Hidal-GO!,Portales locales
Hora 25,Portales locales
Huastecas News,Portales locales
Imagen radio,Radio nacional
Imagen radio web,Portales nacionales
Imagen TV,TV nacional
Info Hgo,Portales locales
Info Libre,Portales locales
Info Libre manteleta,Impresos locales
Infobae,Portales nacionales
Jacala Multimedios,Portales locales
Julio Astillero,Portales nacionales
La Espina,Impresos locales
La Jornada,Impresos nacionales
La Jornada Hidalgo,Impresos locales
La Jornada Hidalgo web,Portales locales
La Jornada web,Portales nacionales
La Neta,Portales locales
La Opinión de Hidalgo,Portales locales
La política me da risa,Portales nacionales
La política online,Portales nacionales
La Prensa,Impresos nacionales
La Razón,Impresos nacionales
La Razón Huejutla,Portales locales
La Razón web,Portales nacionales
La Región,Impresos locales
La Región web,Portales locales
La Silla Rota Hidalgo,Portales locales
La Tuza Metiche,Impresos locales
La Verdad Hidalgo,Portales locales
LatinUS,Portales internacionales
Libre Expression del Estado de Hidalgo,Impresos locales
Líderes políticos,Portales locales
Línea x línea,Portales locales
LM Noticias,Portales nacionales
López Dóriga digital,Portales nacionales
Los Ángeles Press,Portales internacionales
Marfeca,Portales locales
Metro,Impresos nacionales
Milenio,Impresos nacionales
Milenio Hidalgo,Impresos locales
Milenio TV,TV nacional
Milenio web,Portales locales
Mira Hidalgo,Portales locales
MVS Noticias,Portales nacionales
MVS Radio,Radio nacional
MX Noticias,Portales nacionales
N+,Portales nacionales
Nación 321,Portales nacionales
Nadia Mejía,Portales locales
News Hidalgo,Portales locales
Nodo TV,Portales locales
Nota Hidalgo,Portales locales
Noticiero Retrovisor,Portales locales
NQ radio web,Portales locales
Nueva Imagen de Hidalgo,Impresos locales
Nueva Imagen de Hidalgo web,Portales locales
Nuevo Gráfico,Portales locales
Omnia,Portales locales
Origen y destino,Impresos locales
Ovaciones,Impresos nacionales
Pachuca brilla,Portales locales
Pachuca digital,Portales locales
Pachuca Vive,Portales locales
Panorama Hidalgo,Portales locales
Paradigma,Portales locales
Pensador hidalguense,Impresos locales
Plaza Juárez,Impresos locales
Plaza Juárez web,Portales locales
Plétora Lex,Impresos locales
Plétora Lex web,Portales locales
Plural Hidalgo,Portales locales
Politico MX,Portales nacionales
Portal Hidalgo,Portales locales
Portavoz político,Portales locales
Posta,Portales nacionales
Primera línea,Portales nacionales
Proceso,Portales nacionales
Proyecto Puente,Portales nacionales
Publimedios Móvil,Impresos locales
Pulso,Portales locales
Punto por punto,Portales locales
Punto Rojo,Impresos locales
Quadratín,Portales locales
Quadratín México,Portales nacionales
Qué Pachuca,Portales locales
Radar político,Portales locales
Radio Fórmula,Radio nacional
Radio Fórmula web,Portales nacionales
Red Hidalgo,Portales locales
Reforma,Impresos nacionales
Reforma web,Portales nacionales
Regeneradoz,Portales locales
Reporte Ágora,Portales locales
Reporte cívico,Portales locales
Reporte Hidalgo,Impresos locales
Reporte Índigo,Impresos nacionales
Reporte Índigo web,Portales nacionales
República ENE,Portales locales
Revista De Frente,Portales locales
Revista Diferente,Impresos locales
Revista Luna Negra,Portales locales
Revista Portavoz,Impresos locales
Revista Proceso,Impresos nacionales
Revista Vía Libre,Portales locales
Ruta,Impresos locales
Ruta web,Portales locales
Sanfe radio,Portales locales
Satélite TV,Portales locales
SDP Noticias,Portales nacionales
SeptiNoticias,Portales locales
Sin Filtro,Portales locales
Sin Línea,Portales nacionales
Síntesis,Impresos locales
Síntesis web,Portales locales
Solución,Impresos locales
Sonder Radio,Portales locales
Subrayado,Portales locales
Subrayado Magazine,Impresos locales
Suma Noticias,Portales locales
Super Stereo web,Portales locales
Telediario,TV nacional
Telediario web,Portales nacionales
Telefórmula,TV nacional
Televisa,TV nacional
Tiempo Express,Impresos locales
Trapiche,Portales locales
Trasfondo,Portales nacionales
Tulancingo digital,Portales locales
TV Azteca,TV nacional
Ultra Noticias,Portales locales
Uno más uno web,Portales nacionales
Uno TV,Portales nacionales
Veta Hidalgo,Portales locales
Vía Libre,Portales locales
Vocales radio web,Portales locales
Voces Hidalgo,Portales locales
W Radio,Radio nacional
W Radio web,Portales nacionales
Wakeup radio,Portales locales
Zagazine,Portales locales
Zócalo virtual,Portales locales
Zócalo web,Portales nacionales
Zucesos de las Huastecas,Impresos locales
Zunoticia,Impresos locales
Zunoticia web,Portales locales
Alcaldes de México,Impresos nacionales
Alcaldes de México web,Portales nacionales
Vía Libre Meridiano,Impresos locales